{
  "friends": [
    {
      "accountId": "Player107",
      "groups": [],
      "mutual": 0,
      "alias": "",
      "note": "",
      "favorite": false,
      "created": "2024-12-29T01:18:44.735Z"
    },
    {
      "accountId": "Player",
      "groups": [],
      "mutual": 0,
      "alias": "",
      "note": "",
      "favorite": false,
      "created": "2024-12-29T01:18:45.148Z"
    },
    {
      "accountId": "Vin",
      "groups": [],
      "mutual": 0,
      "alias": "",
      "note": "",
      "favorite": false,
      "created": "2024-12-29T01:30:23.379Z"
    }
  ],
  "incoming": [],
  "outgoing": [],
  "suggested": [],
  "blocklist": [],
  "settings": {
    "acceptInvites": "public"
  }
}