{
  "Season2": {
    "battlePassPurchased": true,
    "battlePassTier": 1,
    "battlePassXPBoost": 0,
    "battlePassXPFriendBoost": 0
  },
  "Season3": {
    "battlePassPurchased": true,
    "battlePassTier": 100,
    "battlePassXPBoost": 70,
    "battlePassXPFriendBoost": 30
  },
  "Season4": {
    "battlePassPurchased": true,
    "battlePassTier": 1,
    "battlePassXPBoost": 0,
    "battlePassXPFriendBoost": 0
  },
  "Season5": {
    "battlePassPurchased": true,
    "battlePassTier": 1,
    "battlePassXPBoost": 0,
    "battlePassXPFriendBoost": 0
  },
  "Season6": {
    "battlePassPurchased": true,
    "battlePassTier": 1,
    "battlePassXPBoost": 0,
    "battlePassXPFriendBoost": 0
  },
  "Season7": {
    "battlePassPurchased": true,
    "battlePassTier": 1,
    "battlePassXPBoost": 0,
    "battlePassXPFriendBoost": 0
  },
  "Season8": {
    "battlePassPurchased": true,
    "battlePassTier": 1,
    "battlePassXPBoost": 0,
    "battlePassXPFriendBoost": 0
  },
  "Season9": {
    "battlePassPurchased": true,
    "battlePassTier": 1,
    "battlePassXPBoost": 0,
    "battlePassXPFriendBoost": 0
  },
  "Season10": {
    "battlePassPurchased": true,
    "battlePassTier": 100,
    "battlePassXPBoost": 70,
    "battlePassXPFriendBoost": 60
  }
}